{
  "name" : "Sync_CSV_SFD-1743671434713",
  "sourceOrgId" : "4N8akO8LA2UhAxfSFc8mi5",
  "sourceOrgName" : "CTS",
  "exportedObjects" : [ {
    "objectGuid" : "dUtkU7u8H8ggrresL2FokE",
    "objectName" : "Salesforce_Final_TGT",
    "objectType" : "Connection",
    "path" : "/SYS",
    "metadata" : {
      "modelVersion" : {
        "major" : 0,
        "minor" : 0
      },
      "repoInfo" : {
        "repoHandle" : "012X210B000000000005"
      },
      "objectRefs" : [ "bkmKFExT5EkgtBg0FT1ME1" ],
      "contextAttributes" : [ {
        "name" : "id",
        "value" : "@1"
      } ],
      "additionalInfo" : {
        "description" : null,
        "contentType" : "JSON",
        "documentState" : "COMPLETE"
      }
    }
  }, {
    "objectGuid" : "bkmKFExT5EkgtBg0FT1ME1",
    "objectName" : "d7196d40027d593",
    "objectType" : "AgentGroup",
    "path" : "/SYS",
    "metadata" : {
      "modelVersion" : {
        "major" : 0,
        "minor" : 0
      },
      "repoInfo" : {
        "repoHandle" : "012X2125000000000002"
      },
      "objectRefs" : [ ],
      "contextAttributes" : [ {
        "name" : "id",
        "value" : "@1"
      } ],
      "additionalInfo" : {
        "description" : null,
        "contentType" : "JSON",
        "documentState" : "VALID"
      }
    }
  }, {
    "objectGuid" : "44rcMRijSIhgF5EGNhmowz",
    "objectName" : "Default",
    "objectType" : "Project",
    "path" : "/Explore",
    "metadata" : {
      "modelVersion" : {
        "major" : 0,
        "minor" : 0
      },
      "repoInfo" : null,
      "objectRefs" : [ ],
      "contextAttributes" : [ {
        "name" : "IS_DEF_LOC",
        "value" : "true"
      } ],
      "additionalInfo" : {
        "description" : "Auto-generated Default Project",
        "contentType" : null,
        "documentState" : "COMPLETE"
      }
    }
  }, {
    "objectGuid" : "3CsGwD2aTKOjrxlSdpTjmq",
    "objectName" : "CSV_File",
    "objectType" : "Connection",
    "path" : "/SYS",
    "metadata" : {
      "modelVersion" : {
        "major" : 0,
        "minor" : 0
      },
      "repoInfo" : {
        "repoHandle" : "012X210B000000000006"
      },
      "objectRefs" : [ "bkmKFExT5EkgtBg0FT1ME1" ],
      "contextAttributes" : [ {
        "name" : "id",
        "value" : "@1"
      } ],
      "additionalInfo" : {
        "description" : null,
        "contentType" : "JSON",
        "documentState" : "COMPLETE"
      }
    }
  }, {
    "objectGuid" : "alD1CPILkItiDMwkCZhWi4",
    "objectName" : "Sync_CSV_SFD",
    "objectType" : "DSS",
    "path" : "/Explore/Default",
    "metadata" : {
      "modelVersion" : {
        "major" : 0,
        "minor" : 0
      },
      "repoInfo" : {
        "repoHandle" : "012X210I000000000004"
      },
      "objectRefs" : [ "dUtkU7u8H8ggrresL2FokE", "3CsGwD2aTKOjrxlSdpTjmq" ],
      "contextAttributes" : [ {
        "name" : "id",
        "value" : "@1"
      } ],
      "additionalInfo" : {
        "description" : "",
        "contentType" : "JSON",
        "documentState" : "VALID"
      }
    }
  } ]
}