{
  "name" : "Sanoop_MultiTarget_Parameters-1743678102433",
  "sourceOrgId" : "4N8akO8LA2UhAxfSFc8mi5",
  "sourceOrgName" : "CTS",
  "exportedObjects" : [ {
    "objectGuid" : "9Q7CBnyEvkScGuhvZqW1Af",
    "objectName" : "Salesforce_Task-02",
    "objectType" : "Project",
    "path" : "/Explore",
    "metadata" : {
      "modelVersion" : {
        "major" : 0,
        "minor" : 0
      },
      "repoInfo" : null,
      "objectRefs" : [ ],
      "contextAttributes" : [ ],
      "additionalInfo" : {
        "description" : "",
        "contentType" : "Binary",
        "documentState" : "COMPLETE"
      }
    }
  }, {
    "objectGuid" : "bkmKFExT5EkgtBg0FT1ME1",
    "objectName" : "d7196d40027d593",
    "objectType" : "AgentGroup",
    "path" : "/SYS",
    "metadata" : {
      "modelVersion" : {
        "major" : 0,
        "minor" : 0
      },
      "repoInfo" : {
        "repoHandle" : "012X2125000000000002"
      },
      "objectRefs" : [ ],
      "contextAttributes" : [ {
        "name" : "id",
        "value" : "@1"
      } ],
      "additionalInfo" : {
        "description" : null,
        "contentType" : "JSON",
        "documentState" : "VALID"
      }
    }
  }, {
    "objectGuid" : "2uwp0cPk92nfBK2cmPzoMZ",
    "objectName" : "Sanoop_MultiTarget_Parameters",
    "objectType" : "DTEMPLATE",
    "path" : "/Explore/Salesforce_Task-02/Task-03",
    "metadata" : {
      "modelVersion" : {
        "major" : 0,
        "minor" : 0
      },
      "repoInfo" : {
        "repoHandle" : "012X211700000000000P"
      },
      "objectRefs" : [ "6oll9a6RGhObKa6DfQilUw", "7JyKcyLheEeeAbgbVnrGek" ],
      "contextAttributes" : [ {
        "name" : "id",
        "value" : "@1"
      } ],
      "additionalInfo" : {
        "description" : "",
        "contentType" : "JSON",
        "documentState" : "VALID"
      }
    }
  }, {
    "objectGuid" : "52bVOZ55yQMgpCFvywp0Wn",
    "objectName" : "Task-03",
    "objectType" : "Folder",
    "path" : "/Explore/Salesforce_Task-02",
    "metadata" : {
      "modelVersion" : {
        "major" : 0,
        "minor" : 0
      },
      "repoInfo" : null,
      "objectRefs" : [ ],
      "contextAttributes" : [ ],
      "additionalInfo" : {
        "description" : "",
        "contentType" : "Binary",
        "documentState" : "COMPLETE"
      }
    }
  }, {
    "objectGuid" : "6oll9a6RGhObKa6DfQilUw",
    "objectName" : "P_SaleforceConnection",
    "objectType" : "Connection",
    "path" : "/SYS",
    "metadata" : {
      "modelVersion" : {
        "major" : 0,
        "minor" : 0
      },
      "repoInfo" : {
        "repoHandle" : "012X210B00000000000C"
      },
      "objectRefs" : [ "bkmKFExT5EkgtBg0FT1ME1" ],
      "contextAttributes" : [ {
        "name" : "id",
        "value" : "@1"
      } ],
      "additionalInfo" : {
        "description" : null,
        "contentType" : "JSON",
        "documentState" : "COMPLETE"
      }
    }
  }, {
    "objectGuid" : "7JyKcyLheEeeAbgbVnrGek",
    "objectName" : "Sanoop_LocalCSVFiles",
    "objectType" : "Connection",
    "path" : "/SYS",
    "metadata" : {
      "modelVersion" : {
        "major" : 0,
        "minor" : 0
      },
      "repoInfo" : {
        "repoHandle" : "012X210B00000000000B"
      },
      "objectRefs" : [ "bkmKFExT5EkgtBg0FT1ME1" ],
      "contextAttributes" : [ {
        "name" : "id",
        "value" : "@1"
      } ],
      "additionalInfo" : {
        "description" : null,
        "contentType" : "JSON",
        "documentState" : "COMPLETE"
      }
    }
  } ]
}