objectPath,objectName,objectType,id
/Explore,Salesforce_Task-02,Project,9Q7CBnyEvkScGuhvZqW1Af
/Explore/Salesforce_Task-02,Task-01,Folder,dpHqa2Ma8YNlXnuoPoajUk
/SYS,Salesforce_Final_TGT,Connection,dUtkU7u8H8ggrresL2FokE
/Explore/Salesforce_Task-02/Task-01,Sanoop_MultiTarget,DTEMPLATE,1w6PsYezjMOe6fKNCjoVAL
/SYS,d7196d40027d593,AgentGroup,bkmKFExT5EkgtBg0FT1ME1
/Explore/Salesforce_Task-02,Task-02,Folder,63NdUr3DtkleSviZcGWPq7
/Explore/Salesforce_Task-02/Task-02,Sanoop_MultiTarget,MTT,dCyJgVZRFSgbTTi1vNT6MD
/SYS,Sanoop_LocalCSVFiles,Connection,7JyKcyLheEeeAbgbVnrGek