{
  "name" : "Sanoop_MultiTarget-1743676769740",
  "sourceOrgId" : "4N8akO8LA2UhAxfSFc8mi5",
  "sourceOrgName" : "CTS",
  "exportedObjects" : [ {
    "objectGuid" : "9Q7CBnyEvkScGuhvZqW1Af",
    "objectName" : "Salesforce_Task-02",
    "objectType" : "Project",
    "path" : "/Explore",
    "metadata" : {
      "modelVersion" : {
        "major" : 0,
        "minor" : 0
      },
      "repoInfo" : null,
      "objectRefs" : [ ],
      "contextAttributes" : [ ],
      "additionalInfo" : {
        "description" : "",
        "contentType" : "Binary",
        "documentState" : "COMPLETE"
      }
    }
  }, {
    "objectGuid" : "dpHqa2Ma8YNlXnuoPoajUk",
    "objectName" : "Task-01",
    "objectType" : "Folder",
    "path" : "/Explore/Salesforce_Task-02",
    "metadata" : {
      "modelVersion" : {
        "major" : 0,
        "minor" : 0
      },
      "repoInfo" : null,
      "objectRefs" : [ ],
      "contextAttributes" : [ ],
      "additionalInfo" : {
        "description" : "",
        "contentType" : "Binary",
        "documentState" : "COMPLETE"
      }
    }
  }, {
    "objectGuid" : "dUtkU7u8H8ggrresL2FokE",
    "objectName" : "Salesforce_Final_TGT",
    "objectType" : "Connection",
    "path" : "/SYS",
    "metadata" : {
      "modelVersion" : {
        "major" : 0,
        "minor" : 0
      },
      "repoInfo" : {
        "repoHandle" : "012X210B000000000005"
      },
      "objectRefs" : [ "bkmKFExT5EkgtBg0FT1ME1" ],
      "contextAttributes" : [ {
        "name" : "id",
        "value" : "@1"
      } ],
      "additionalInfo" : {
        "description" : null,
        "contentType" : "JSON",
        "documentState" : "COMPLETE"
      }
    }
  }, {
    "objectGuid" : "1w6PsYezjMOe6fKNCjoVAL",
    "objectName" : "Sanoop_MultiTarget",
    "objectType" : "DTEMPLATE",
    "path" : "/Explore/Salesforce_Task-02/Task-01",
    "metadata" : {
      "modelVersion" : {
        "major" : 0,
        "minor" : 0
      },
      "repoInfo" : {
        "repoHandle" : "012X211700000000000O"
      },
      "objectRefs" : [ "dUtkU7u8H8ggrresL2FokE", "7JyKcyLheEeeAbgbVnrGek" ],
      "contextAttributes" : [ {
        "name" : "id",
        "value" : "@1"
      } ],
      "additionalInfo" : {
        "description" : "",
        "contentType" : "JSON",
        "documentState" : "VALID"
      }
    }
  }, {
    "objectGuid" : "bkmKFExT5EkgtBg0FT1ME1",
    "objectName" : "d7196d40027d593",
    "objectType" : "AgentGroup",
    "path" : "/SYS",
    "metadata" : {
      "modelVersion" : {
        "major" : 0,
        "minor" : 0
      },
      "repoInfo" : {
        "repoHandle" : "012X2125000000000002"
      },
      "objectRefs" : [ ],
      "contextAttributes" : [ {
        "name" : "id",
        "value" : "@1"
      } ],
      "additionalInfo" : {
        "description" : null,
        "contentType" : "JSON",
        "documentState" : "VALID"
      }
    }
  }, {
    "objectGuid" : "63NdUr3DtkleSviZcGWPq7",
    "objectName" : "Task-02",
    "objectType" : "Folder",
    "path" : "/Explore/Salesforce_Task-02",
    "metadata" : {
      "modelVersion" : {
        "major" : 0,
        "minor" : 0
      },
      "repoInfo" : null,
      "objectRefs" : [ ],
      "contextAttributes" : [ ],
      "additionalInfo" : {
        "description" : "",
        "contentType" : "Binary",
        "documentState" : "COMPLETE"
      }
    }
  }, {
    "objectGuid" : "dCyJgVZRFSgbTTi1vNT6MD",
    "objectName" : "Sanoop_MultiTarget",
    "objectType" : "MTT",
    "path" : "/Explore/Salesforce_Task-02/Task-02",
    "metadata" : {
      "modelVersion" : {
        "major" : 0,
        "minor" : 0
      },
      "repoInfo" : {
        "repoHandle" : "012X210Z00000000000R"
      },
      "objectRefs" : [ "dUtkU7u8H8ggrresL2FokE", "1w6PsYezjMOe6fKNCjoVAL", "bkmKFExT5EkgtBg0FT1ME1", "7JyKcyLheEeeAbgbVnrGek" ],
      "contextAttributes" : [ {
        "name" : "id",
        "value" : "@1"
      } ],
      "additionalInfo" : {
        "description" : null,
        "contentType" : "JSON",
        "documentState" : "VALID"
      }
    }
  }, {
    "objectGuid" : "7JyKcyLheEeeAbgbVnrGek",
    "objectName" : "Sanoop_LocalCSVFiles",
    "objectType" : "Connection",
    "path" : "/SYS",
    "metadata" : {
      "modelVersion" : {
        "major" : 0,
        "minor" : 0
      },
      "repoInfo" : {
        "repoHandle" : "012X210B00000000000B"
      },
      "objectRefs" : [ "bkmKFExT5EkgtBg0FT1ME1" ],
      "contextAttributes" : [ {
        "name" : "id",
        "value" : "@1"
      } ],
      "additionalInfo" : {
        "description" : null,
        "contentType" : "JSON",
        "documentState" : "COMPLETE"
      }
    }
  } ]
}