{
  "name" : "Sanoop_UpsertAccountsByExternal_ID-1743674497961",
  "sourceOrgId" : "4N8akO8LA2UhAxfSFc8mi5",
  "sourceOrgName" : "CTS",
  "exportedObjects" : [ {
    "objectGuid" : "dUtkU7u8H8ggrresL2FokE",
    "objectName" : "Salesforce_Final_TGT",
    "objectType" : "Connection",
    "path" : "/SYS",
    "metadata" : {
      "modelVersion" : {
        "major" : 0,
        "minor" : 0
      },
      "repoInfo" : {
        "repoHandle" : "012X210B000000000005"
      },
      "objectRefs" : [ "bkmKFExT5EkgtBg0FT1ME1" ],
      "contextAttributes" : [ {
        "name" : "id",
        "value" : "@1"
      } ],
      "additionalInfo" : {
        "description" : null,
        "contentType" : "JSON",
        "documentState" : "COMPLETE"
      }
    }
  }, {
    "objectGuid" : "bkmKFExT5EkgtBg0FT1ME1",
    "objectName" : "d7196d40027d593",
    "objectType" : "AgentGroup",
    "path" : "/SYS",
    "metadata" : {
      "modelVersion" : {
        "major" : 0,
        "minor" : 0
      },
      "repoInfo" : {
        "repoHandle" : "012X2125000000000002"
      },
      "objectRefs" : [ ],
      "contextAttributes" : [ {
        "name" : "id",
        "value" : "@1"
      } ],
      "additionalInfo" : {
        "description" : null,
        "contentType" : "JSON",
        "documentState" : "VALID"
      }
    }
  }, {
    "objectGuid" : "7ZlMqYMvEejhyuElKBJhKU",
    "objectName" : "Upsert_SalesForce",
    "objectType" : "Project",
    "path" : "/Explore",
    "metadata" : {
      "modelVersion" : {
        "major" : 0,
        "minor" : 0
      },
      "repoInfo" : null,
      "objectRefs" : [ ],
      "contextAttributes" : [ ],
      "additionalInfo" : {
        "description" : "",
        "contentType" : "Binary",
        "documentState" : "COMPLETE"
      }
    }
  }, {
    "objectGuid" : "7JyKcyLheEeeAbgbVnrGek",
    "objectName" : "Sanoop_LocalCSVFiles",
    "objectType" : "Connection",
    "path" : "/SYS",
    "metadata" : {
      "modelVersion" : {
        "major" : 0,
        "minor" : 0
      },
      "repoInfo" : {
        "repoHandle" : "012X210B00000000000B"
      },
      "objectRefs" : [ "bkmKFExT5EkgtBg0FT1ME1" ],
      "contextAttributes" : [ {
        "name" : "id",
        "value" : "@1"
      } ],
      "additionalInfo" : {
        "description" : null,
        "contentType" : "JSON",
        "documentState" : "COMPLETE"
      }
    }
  }, {
    "objectGuid" : "aAd1W4vtVVbkoKSfp9Hx4p",
    "objectName" : "Sanoop_UpsertAccountsByExternal_ID",
    "objectType" : "DSS",
    "path" : "/Explore/Upsert_SalesForce",
    "metadata" : {
      "modelVersion" : {
        "major" : 0,
        "minor" : 0
      },
      "repoInfo" : {
        "repoHandle" : "012X210I000000000005"
      },
      "objectRefs" : [ "dUtkU7u8H8ggrresL2FokE", "7JyKcyLheEeeAbgbVnrGek" ],
      "contextAttributes" : [ {
        "name" : "id",
        "value" : "@1"
      } ],
      "additionalInfo" : {
        "description" : "",
        "contentType" : "JSON",
        "documentState" : "VALID"
      }
    }
  } ]
}