objectPath,objectName,objectType,id
/Explore,Salesforce_Task-02,Project,9Q7CBnyEvkScGuhvZqW1Af
/SYS,d7196d40027d593,AgentGroup,bkmKFExT5EkgtBg0FT1ME1
/Explore/Salesforce_Task-02/Task-03,Sanoop_MultiTarget_Parameters,DTEMPLATE,2uwp0cPk92nfBK2cmPzoMZ
/Explore/Salesforce_Task-02,Task-03,Folder,52bVOZ55yQMgpCFvywp0Wn
/Explore/Salesforce_Task-02/Task-03,Sanoop_MultiTarget_Parameters,MTT,kh1uGwHbQWzfC3oS3xP1It
/SYS,P_SaleforceConnection,Connection,6oll9a6RGhObKa6DfQilUw
/SYS,Sanoop_LocalCSVFiles,Connection,7JyKcyLheEeeAbgbVnrGek